{
  "glass": {
    "B": [1.03961212, 0.231792344, 1.01046945],
    "C": [0.00600069867, 0.0200179144, 103.560653]
  },

  "diamond": {
    "B": [0.3306, 4.3356, 0.0],
    "C": [0.175, 0.106, 0.0]
  },

  "water": {
    "B": [0.5676, 0.1726, 0.0],
    "C": [0.0059, 0.018, 0.0]
  },

  "plexiglass": {
    "B": [0.99654, 0.18964, 0.00411],
    "C": [0.00787, 0.02191, 3.85727]
  },

  "mirror": {
    "special_value": 1e-10
  }
}
